"year","state","route","fills","facilityn","facilitycnt","facilityprop","denom","fills_per","facilities_per"
"2017","AK","Oral",16751,89,12,0.134831460674157,6977.5,2.40071658903619,1.71981368685059
"2017","AK","Injection",0,89,0,0,6977.5,0,0
"2018","AK","Oral",23526,91,18,0.2,6977.5,3.37169473307058,2.57972053027589
"2018","AK","Injection",200,91,3,0.0333333333333333,6977.5,0.0286635614475099,0.429953421712648
"2019","AK","Oral",26393,96,30,0.3125,6977.5,3.78258688642064,4.29953421712648
"2019","AK","Injection",882,96,16,0.166666666666667,6977.5,0.126406305983518,2.29308491580079
"2020","AK","Oral",28400,105,33,0.314285714285714,6977.5,4.0702257255464,4.72948763883913
"2020","AK","Injection",1333,105,23,0.219047619047619,6977.5,0.191042637047653,3.29630956646363
"2021","AK","Oral",32024,118,42,0.358974358974359,6977.5,4.58960945897528,6.01934790397707
"2021","AK","Injection",1836,118,29,0.247863247863248,6977.5,0.26313149408814,4.15621640988893
"2022","AK","Oral",33584,NA,NA,NA,6977.5,4.81318523826585,NA
"2022","AK","Injection",2986,NA,NA,NA,6977.5,0.427946972411322,NA
"2017","AL","Oral",27084,129,8,0.062992125984252,9871,2.74379495491845,0.81045486779455
"2017","AL","Injection",0,129,0,0,9871,0,0
"2018","AL","Oral",31389,132,24,0.184615384615385,9871,3.17992098065039,2.43136460338365
"2018","AL","Injection",66,132,2,0.0153846153846154,9871,0.00668625265930504,0.202613716948637
"2019","AL","Oral",35410,153,37,0.241830065359477,9871,3.58727585857563,3.74835376354979
"2019","AL","Injection",138,153,7,0.0457516339869281,9871,0.013980346469456,0.709148009320231
"2020","AL","Oral",40692,155,37,0.238709677419355,9871,4.12237868503698,3.74835376354979
"2020","AL","Injection",113,155,7,0.0451612903225806,9871,0.011447675007598,0.709148009320231
"2021","AL","Oral",45423,170,38,0.226190476190476,9871,4.60166143247898,3.84966062202411
"2021","AL","Injection",121,170,11,0.0658682634730539,9871,0.0122581298753926,1.11437544321751
"2022","AL","Oral",45976,NA,NA,NA,9871,4.65768412521528,NA
"2022","AL","Injection",206,NA,NA,NA,9871,0.0208692128457097,NA
"2017","AR","Oral",2795,118,4,0.0350877192982456,4957,0.563849102279605,0.806939681258826
"2017","AR","Injection",0,118,0,0,4957,0,0
"2018","AR","Oral",3655,144,7,0.0492957746478873,4957,0.737341133750252,1.41214444220295
"2018","AR","Injection",0,144,1,0.00704225352112676,4957,0,0.201734920314706
"2019","AR","Oral",6313,167,20,0.121212121212121,4957,1.27355255194674,4.03469840629413
"2019","AR","Injection",0,167,5,0.0303030303030303,4957,0,1.00867460157353
"2020","AR","Oral",13477,171,43,0.25748502994012,4957,2.7187815210813,8.67460157353238
"2020","AR","Injection",0,171,6,0.0359281437125748,4957,0,1.21040952188824
"2021","AR","Oral",18504,194,59,0.312169312169312,4957,3.73290296550333,11.9023602985677
"2021","AR","Injection",0,194,29,0.153439153439153,4957,0,5.85031268912649
"2022","AR","Oral",25922,NA,NA,NA,4957,5.22937260439782,NA
"2017","AZ","Oral",48630,341,57,0.170149253731343,56024,0.868020848207911,1.01742110524061
"2017","AZ","Injection",0,341,0,0,56024,0,0
"2018","AZ","Oral",83207,407,97,0.241895261845387,56024,1.48520277024133,1.73140082821648
"2018","AZ","Injection",20,407,10,0.0249376558603491,56024,0.000356989861487934,0.178494930743967
"2019","AZ","Oral",155468,446,154,0.345291479820628,56024,2.7750249892903,2.74882193345709
"2019","AZ","Injection",112,446,32,0.0717488789237668,56024,0.00199914322433243,0.571183778380694
"2020","AZ","Oral",194969,447,168,0.37752808988764,56024,3.48009781522205,2.99871483649864
"2020","AZ","Injection",290,447,71,0.159550561797753,56024,0.00517635299157504,1.26731400828216
"2021","AZ","Oral",222865,522,209,0.404255319148936,56024,3.97802727402542,3.73054405254891
"2021","AZ","Injection",778,522,93,0.179883945841393,56024,0.0138869056118806,1.66000285591889
"2022","AZ","Oral",228217,NA,NA,NA,56024,4.07355776095959,NA
"2022","AZ","Injection",1793,NA,NA,NA,56024,0.0320041410823933,NA
"2017","CA","Oral",121893,1311,123,0.0967741935483871,137579,0.885985506508988,0.894031792642772
"2017","CA","Injection",0,1311,0,0,137579,0,0
"2018","CA","Oral",162687,1502,166,0.113776559287183,137579,1.18249878251768,1.20657949250976
"2018","CA","Injection",67,1502,14,0.00959561343385881,137579,0.000486992927699722,0.101759716235763
"2019","CA","Oral",193593,1797,220,0.123734533183352,137579,1.40714062465929,1.59908125513341
"2019","CA","Injection",2598,1797,40,0.0224971878515186,137579,0.0188836959128937,0.290742046387894
"2020","CA","Oral",212540,1734,259,0.151020408163265,137579,1.54485786348207,1.88255475036161
"2020","CA","Injection",6267,1734,54,0.0314868804664723,137579,0.0455520101178232,0.392501762623656
"2021","CA","Oral",235139,1722,298,0.175707547169811,137579,1.70911985114007,2.16602824558981
"2021","CA","Injection",7141,1722,69,0.0408042578356002,137579,0.0519047238313987,0.501530030019116
"2022","CA","Oral",245107,NA,NA,NA,137579,1.78157276909994,NA
"2022","CA","Injection",8519,NA,NA,NA,137579,0.0619207873294616,NA
"2017","CO","Oral",37937,381,52,0.138297872340426,29288,1.29530865883638,1.77547118273696
"2017","CO","Injection",0,381,0,0,29288,0,0
"2018","CO","Oral",72649,404,69,0.1725,29288,2.48050396066648,2.35591368478558
"2018","CO","Injection",123,404,4,0.01,29288,0.00419967222070473,0.136574706364381
"2019","CO","Oral",94007,408,89,0.218137254901961,29288,3.2097446052991,3.03878721660748
"2019","CO","Injection",678,408,13,0.0318627450980392,29288,0.0231494127287626,0.443867795684239
"2020","CO","Oral",98978,393,113,0.289002557544757,29288,3.37947282163343,3.85823545479377
"2020","CO","Injection",2067,393,25,0.0639386189258312,29288,0.070574979513794,0.853591914777383
"2021","CO","Oral",103132,373,110,0.295698924731183,29288,3.52130565419284,3.75580442502049
"2021","CO","Injection",2782,373,46,0.123655913978495,29288,0.0949877082764272,1.57060912319039
"2022","CO","Oral",100692,NA,NA,NA,29288,3.43799508331057,NA
"2022","CO","Injection",3614,NA,NA,NA,29288,0.123395247200219,NA
"2017","CT","Oral",132193,210,75,0.364077669902913,39566,3.34107567103068,1.89556690087449
"2017","CT","Injection",0,210,0,0,39566,0,0
"2018","CT","Oral",152542,220,95,0.4337899543379,39566,3.85538088257595,2.40105140777435
"2018","CT","Injection",224,220,14,0.0639269406392694,39566,0.00566142647727847,0.353839154829904
"2019","CT","Oral",168189,220,126,0.575342465753425,39566,4.25084668654906,3.18455239346914
"2019","CT","Injection",710,220,36,0.164383561643836,39566,0.0179446999949452,0.909872112419754
"2020","CT","Oral",156828,210,124,0.616915422885572,39566,3.96370621240459,3.13400394277915
"2020","CT","Injection",1105,210,54,0.26865671641791,39566,0.0279280190062175,1.36480816862963
"2021","CT","Oral",145436,277,159,0.582417582417582,39566,3.67578223727443,4.01860182985391
"2021","CT","Injection",1916,277,62,0.227106227106227,39566,0.0484254157610069,1.56700197138958
"2022","CT","Oral",132438,NA,NA,NA,39566,3.34726785624021,NA
"2022","CT","Injection",3399,NA,NA,NA,39566,0.0859070919476318,NA
"2017","DE","Oral",39609,34,12,0.352941176470588,12447.5,3.1820847559751,0.964049005824463
"2017","DE","Injection",0,34,0,0,12447.5,0,0
"2018","DE","Oral",65002,40,22,0.55,12447.5,5.22209278971681,1.76742317734485
"2018","DE","Injection",73,40,4,0.1,12447.5,0.00586463145209882,0.321349668608154
"2019","DE","Oral",84366,44,29,0.659090909090909,12447.5,6.77774653544889,2.32978509740912
"2019","DE","Injection",193,44,5,0.113636363636364,12447.5,0.0155051215103434,0.401687085760193
"2020","DE","Oral",71480,49,30,0.612244897959184,12447.5,5.74251857802772,2.41012251456116
"2020","DE","Injection",231,49,9,0.183673469387755,12447.5,0.0185579433621209,0.723036754368347
"2021","DE","Oral",64187,57,36,0.631578947368421,12447.5,5.1566177947379,2.89214701747339
"2021","DE","Injection",196,57,11,0.192982456140351,12447.5,0.0157461337617996,0.883711588672424
"2022","DE","Oral",51684,NA,NA,NA,12447.5,4.15215906808596,NA
"2022","DE","Injection",328,NA,NA,NA,12447.5,0.0263506728258686,NA
"2017","FL","Oral",31567,668,72,0.111455108359133,34512.5,0.91465411082941,2.0862006519377
"2017","FL","Injection",0,668,0,0,34512.5,0,0
"2018","FL","Oral",36299,726,95,0.133991537376587,34512.5,1.0517638536762,2.75262586019558
"2018","FL","Injection",62,726,9,0.0126939351198872,34512.5,0.0017964505613908,0.260775081492213
"2019","FL","Oral",45072,725,141,0.195020746887967,34512.5,1.305961608113,4.08547627671134
"2019","FL","Injection",118,725,33,0.045643153526971,34512.5,0.00341905106845346,0.956175298804781
"2020","FL","Oral",52155,712,165,0.233050847457627,34512.5,1.51119159724737,4.7808764940239
"2020","FL","Injection",161,712,48,0.0677966101694915,34512.5,0.00466497645780514,1.39080043462514
"2021","FL","Oral",70656,759,183,0.246963562753036,34512.5,2.0472582397682,5.30242665700833
"2021","FL","Injection",359,759,50,0.0675675675675676,34512.5,0.0104020282506338,1.44875045273452
"2022","FL","Oral",93578,NA,NA,NA,34512.5,2.71142339731981,NA
"2022","FL","Injection",672,NA,NA,NA,34512.5,0.0194712060847519,NA
"2017","GA","Oral",13581,292,16,0.0555555555555556,11955.5,1.13596252770691,1.33829618167371
"2017","GA","Injection",0,292,0,0,11955.5,0,0
"2018","GA","Oral",16520,332,42,0.128834355828221,11955.5,1.3817908075781,3.51302747689348
"2018","GA","Injection",40,332,8,0.0245398773006135,11955.5,0.00334574045418427,0.669148090836853
"2019","GA","Oral",20284,358,57,0.16056338028169,11955.5,1.69662498431684,4.76768014721258
"2019","GA","Injection",60,358,14,0.0394366197183099,11955.5,0.0050186106812764,1.17100915896449
"2020","GA","Oral",22281,348,57,0.165217391304348,11955.5,1.86366107649199,4.76768014721258
"2020","GA","Injection",70,348,18,0.0521739130434783,11955.5,0.00585504579482247,1.50558320438292
"2021","GA","Oral",24006,362,60,0.168067226890756,11955.5,2.00794613357869,5.0186106812764
"2021","GA","Injection",84,362,15,0.0420168067226891,11955.5,0.00702605495378696,1.2546526703191
"2022","GA","Oral",24331,NA,NA,NA,11955.5,2.03513027476893,NA
"2022","GA","Injection",92,NA,NA,NA,11955.5,0.00769520304462381,NA
"2017","HI","Oral",7350,168,7,0.0416666666666667,3517.5,2.08955223880597,1.99004975124378
"2017","HI","Injection",0,168,0,0,3517.5,0,0
"2018","HI","Oral",8601,168,7,0.0416666666666667,3517.5,2.44520255863539,1.99004975124378
"2018","HI","Injection",50,168,0,0,3517.5,0.0142146410803127,0
"2019","HI","Oral",8102,167,7,0.0424242424242424,3517.5,2.30334044065387,1.99004975124378
"2019","HI","Injection",60,167,1,0.00606060606060606,3517.5,0.0170575692963753,0.284292821606254
"2020","HI","Oral",9226,161,12,0.0745341614906832,3517.5,2.6228855721393,3.41151385927505
"2020","HI","Injection",80,161,3,0.0186335403726708,3517.5,0.0227434257285004,0.852878464818763
"2021","HI","Oral",8988,137,13,0.0955882352941176,3517.5,2.55522388059702,3.69580668088131
"2021","HI","Injection",107,137,3,0.0220588235294118,3517.5,0.0304193319118692,0.852878464818763
"2022","HI","Oral",9012,NA,NA,NA,3517.5,2.56204690831557,NA
"2022","HI","Injection",107,NA,NA,NA,3517.5,0.0304193319118692,NA
"2017","IA","Oral",9182,163,17,0.104294478527607,8599.5,1.06773649630792,1.97685911971626
"2017","IA","Injection",0,163,0,0,8599.5,0,0
"2018","IA","Oral",19547,167,27,0.163636363636364,8599.5,2.27303913018199,3.13971742543171
"2018","IA","Injection",0,167,3,0.0181818181818182,8599.5,0,0.348857491714635
"2019","IA","Oral",30767,187,45,0.240641711229947,8599.5,3.57776614919472,5.23286237571952
"2019","IA","Injection",60,187,10,0.053475935828877,8599.5,0.00697714983429269,1.16285830571545
"2020","IA","Oral",64813,185,45,0.243243243243243,8599.5,7.53683353683354,5.23286237571952
"2020","IA","Injection",191,185,6,0.0324324324324324,8599.5,0.0222105936391651,0.697714983429269
"2021","IA","Oral",67108,198,55,0.277777777777778,8599.5,7.80370951799523,6.39572068143497
"2021","IA","Injection",402,198,13,0.0656565656565657,8599.5,0.046746903889761,1.51171579743008
"2022","IA","Oral",67624,NA,NA,NA,8599.5,7.86371300657015,NA
"2022","IA","Injection",540,NA,NA,NA,8599.5,0.0627943485086342,NA
"2017","ID","Oral",7024,124,12,0.0975609756097561,5905.5,1.18939971213276,2.03200406400813
"2017","ID","Injection",0,124,0,0,5905.5,0,0
"2018","ID","Oral",8921,133,16,0.120300751879699,5905.5,1.51062568791804,2.70933875201084
"2018","ID","Injection",10,133,1,0.0075187969924812,5905.5,0.00169333672000677,0.169333672000677
"2019","ID","Oral",9965,124,18,0.145161290322581,5905.5,1.68741004148675,3.04800609601219
"2019","ID","Injection",30,124,7,0.0564516129032258,5905.5,0.00508001016002032,1.18533570400474
"2020","ID","Oral",24121,110,23,0.209090909090909,5905.5,4.08449750232834,3.89467445601558
"2020","ID","Injection",30,110,10,0.0909090909090909,5905.5,0.00508001016002032,1.69333672000677
"2021","ID","Oral",29621,145,34,0.236111111111111,5905.5,5.01583269833206,5.75734484802303
"2021","ID","Injection",30,145,17,0.118055555555556,5905.5,0.00508001016002032,2.87867242401151
"2022","ID","Oral",34861,NA,NA,NA,5905.5,5.90314113961561,NA
"2022","ID","Injection",30,NA,NA,NA,5905.5,0.00508001016002032,NA
"2017","IL","Oral",90973,633,72,0.115015974440895,44202.5,2.05809626152367,1.62886714552344
"2017","IL","Injection",0,633,0,0,44202.5,0,0
"2018","IL","Oral",99451,679,89,0.133433283358321,44202.5,2.24989536790905,2.01346077710537
"2018","IL","Injection",92,679,13,0.0194902548725637,44202.5,0.00208133024150218,0.294101012386177
"2019","IL","Oral",116513,775,183,0.237354085603113,44202.5,2.63589163508851,4.14003732820542
"2019","IL","Injection",826,775,53,0.0687418936446174,44202.5,0.0186867258639217,1.19902720434365
"2020","IL","Oral",122096,713,174,0.244725738396624,44202.5,2.76219670833098,3.93642893501499
"2020","IL","Injection",1925,713,57,0.080168776371308,44202.5,0.0435495729879532,1.28951982353939
"2021","IL","Oral",126828,737,211,0.290633608815427,44202.5,2.86924947683955,4.77348566257565
"2021","IL","Injection",2816,737,76,0.104683195592287,44202.5,0.0637068039138058,1.71935976471919
"2022","IL","Oral",115836,NA,NA,NA,44202.5,2.62057575928963,NA
"2022","IL","Injection",3327,NA,NA,NA,44202.5,0.0752672360160624,NA
"2017","IN","Oral",122479,305,52,0.172185430463576,43400,2.82209677419355,1.19815668202765
"2017","IN","Injection",0,305,0,0,43400,0,0
"2018","IN","Oral",205846,368,85,0.232876712328767,43400,4.74299539170507,1.95852534562212
"2018","IN","Injection",50,368,9,0.0246575342465753,43400,0.00115207373271889,0.207373271889401
"2019","IN","Oral",272782,393,142,0.366925064599483,43400,6.28529953917051,3.27188940092166
"2019","IN","Injection",229,393,39,0.10077519379845,43400,0.00527649769585253,0.898617511520737
"2020","IN","Oral",384484,416,165,0.400485436893204,43400,8.85907834101383,3.80184331797235
"2020","IN","Injection",526,416,53,0.128640776699029,43400,0.0121198156682028,1.22119815668203
"2021","IN","Oral",483392,479,255,0.536842105263158,43400,11.138064516129,5.87557603686636
"2021","IN","Injection",1190,479,80,0.168776371308017,43400,0.0274193548387097,1.84331797235023
"2022","IN","Oral",519598,NA,NA,NA,43400,11.9723041474654,NA
"2022","IN","Injection",3610,NA,NA,NA,43400,0.0831797235023042,NA
"2017","KS","Oral",3679,182,15,0.0833333333333333,2806.5,1.31088544450383,5.34473543559594
"2017","KS","Injection",0,182,0,0,2806.5,0,0
"2018","KS","Oral",3485,179,19,0.107954545454545,2806.5,1.24176019953679,6.76999821842152
"2018","KS","Injection",50,179,1,0.00568181818181818,2806.5,0.0178157847853198,0.356315695706396
"2019","KS","Oral",3943,179,22,0.123595505617978,2806.5,1.40495278817032,7.83894530554071
"2019","KS","Injection",90,179,3,0.0168539325842697,2806.5,0.0320684126135756,1.06894708711919
"2020","KS","Oral",4811,170,17,0.101190476190476,2806.5,1.71423481204347,6.05736682700873
"2020","KS","Injection",121,170,4,0.0238095238095238,2806.5,0.0431141991804739,1.42526278282558
"2021","KS","Oral",5840,168,22,0.134146341463415,2806.5,2.08088366292535,7.83894530554071
"2021","KS","Injection",80,168,7,0.0426829268292683,2806.5,0.0285052556565117,2.49420986994477
"2022","KS","Oral",6507,NA,NA,NA,2806.5,2.31854623196152,NA
"2022","KS","Injection",89,NA,NA,NA,2806.5,0.0317120969178692,NA
"2017","KY","Oral",481424,359,45,0.126050420168067,64954.5,7.41171127481545,0.692792647160705
"2017","KY","Injection",0,359,0,0,64954.5,0,0
"2018","KY","Oral",650278,418,69,0.167883211678832,64954.5,10.0112848224526,1.06228205897975
"2018","KY","Injection",157,418,2,0.0048661800486618,64954.5,0.0024170765689829,0.0307907843182535
"2019","KY","Oral",765047,449,117,0.260579064587973,64954.5,11.7781985851635,1.80126088261783
"2019","KY","Injection",840,449,27,0.0601336302895323,64954.5,0.0129321294136665,0.415675588296423
"2020","KY","Oral",849575,477,157,0.329831932773109,64954.5,13.0795402935901,2.4170765689829
"2020","KY","Injection",1569,477,41,0.0861344537815126,64954.5,0.0241553702976699,0.631211078524198
"2021","KY","Oral",861505,474,166,0.354700854700855,64954.5,13.2632073220485,2.55563509841504
"2021","KY","Injection",5530,474,72,0.153846153846154,64954.5,0.0851365186399711,1.10846823545713
"2022","KY","Oral",829589,NA,NA,NA,64954.5,12.7718479858978,NA
"2022","KY","Injection",11915,NA,NA,NA,64954.5,0.183436097575995,NA
"2017","LA","Oral",67110,136,13,0.0970149253731343,29163,2.30120357987861,0.445770325412338
"2017","LA","Injection",0,136,0,0,29163,0,0
"2018","LA","Oral",82484,145,20,0.140845070422535,29163,2.82837842471625,0.685800500634365
"2018","LA","Injection",220,145,3,0.0211267605633803,29163,0.00754380550697802,0.102870075095155
"2019","LA","Oral",96141,146,31,0.212328767123288,29163,3.29667729657443,1.06299077598327
"2019","LA","Injection",1145,146,17,0.116438356164384,29163,0.0392620786613174,0.582930425539211
"2020","LA","Oral",171487,155,61,0.396103896103896,29163,5.88029352261427,2.09169152693481
"2020","LA","Injection",1638,155,27,0.175324675324675,29163,0.0561670610019545,0.925830675856393
"2021","LA","Oral",188311,185,77,0.418478260869565,29163,6.4571889037479,2.64033192744231
"2021","LA","Injection",3936,185,35,0.190217391304348,29163,0.134965538524843,1.20015087611014
"2022","LA","Oral",177630,NA,NA,NA,29163,6.09093714638412,NA
"2022","LA","Injection",6782,NA,NA,NA,29163,0.232554949765113,NA
"2017","MA","Oral",411923,351,121,0.351744186046512,82376,5.00052199669807,1.46887442944547
"2017","MA","Injection",0,351,0,0,82376,0,0
"2018","MA","Oral",459586,414,162,0.398034398034398,82376,5.57912498786054,1.96659221132369
"2018","MA","Injection",189,414,23,0.0565110565110565,82376,0.00229435757987763,0.279207536175585
"2019","MA","Oral",473618,438,184,0.420091324200913,82376,5.74946586384384,2.23366028940468
"2019","MA","Injection",2202,438,50,0.114155251141553,82376,0.0267310867242886,0.606972904729533
"2020","MA","Oral",456781,440,209,0.479357798165138,82376,5.54507380790522,2.53714674176945
"2020","MA","Injection",5272,440,99,0.227064220183486,82376,0.0639992230746819,1.20180635136448
"2021","MA","Oral",439596,482,219,0.464968152866242,82376,5.33645722054967,2.65854132271535
"2021","MA","Injection",9084,482,103,0.219148936170213,82376,0.110274837331262,1.25036418374284
"2022","MA","Oral",403894,NA,NA,NA,82376,4.9030542876566,NA
"2022","MA","Injection",12412,NA,NA,NA,82376,0.150674953870059,NA
"2017","MD","Oral",270066,387,130,0.338541666666667,68608,3.93636310634328,1.89482276119403
"2017","MD","Injection",0,387,0,0,68608,0,0
"2018","MD","Oral",268664,413,172,0.419512195121951,68608,3.91592817164179,2.50699626865672
"2018","MD","Injection",236,413,11,0.0268292682926829,68608,0.00343983208955224,0.160331156716418
"2019","MD","Oral",293523,431,211,0.491841491841492,68608,4.27826201026119,3.07544309701493
"2019","MD","Injection",951,431,55,0.128205128205128,68608,0.0138613572761194,0.80165578358209
"2020","MD","Oral",297776,432,219,0.506944444444444,68608,4.34025186567164,3.19204757462687
"2020","MD","Injection",2545,432,73,0.168981481481481,68608,0.0370947994402985,1.06401585820896
"2021","MD","Oral",307197,483,240,0.507399577167019,68608,4.4775682136194,3.49813432835821
"2021","MD","Injection",4121,483,94,0.198731501057082,68608,0.0600658815298507,1.3701026119403
"2022","MD","Oral",315141,NA,NA,NA,68608,4.59335645988806,NA
"2022","MD","Injection",7188,NA,NA,NA,68608,0.104769123134328,NA
"2017","ME","Oral",82244,199,43,0.218274111675127,15268,5.38669111867959,2.81634791721247
"2017","ME","Injection",0,199,0,0,15268,0,0
"2018","ME","Oral",88513,181,52,0.292134831460674,15268,5.79728844642389,3.40581608593136
"2018","ME","Injection",0,181,3,0.0168539325842697,15268,0,0.196489389572963
"2019","ME","Oral",159046,186,73,0.394594594594595,15268,10.4169504846738,4.7812418129421
"2019","ME","Injection",73,186,7,0.0378378378378378,15268,0.0047812418129421,0.458475242336914
"2020","ME","Oral",210342,196,84,0.428571428571429,15268,13.7766570605187,5.50170290804297
"2020","ME","Injection",480,196,13,0.0663265306122449,15268,0.0314383023316741,0.85145402148284
"2021","ME","Oral",221277,164,80,0.49079754601227,15268,14.4928608855122,5.23971705527901
"2021","ME","Injection",946,164,18,0.110429447852761,15268,0.0619596541786743,1.17893633743778
"2022","ME","Oral",223413,NA,NA,NA,15268,14.6327613308881,NA
"2022","ME","Injection",1806,NA,NA,NA,15268,0.118286612522924,NA
"2017","MI","Oral",106367,456,62,0.136263736263736,51136,2.08008056946183,1.21245306633292
"2017","MI","Injection",0,456,0,0,51136,0,0
"2018","MI","Oral",141243,465,80,0.173160173160173,51136,2.76210497496871,1.56445556946183
"2018","MI","Injection",405,465,5,0.0108225108225108,51136,0.0079200563204005,0.0977784730913642
"2019","MI","Oral",177681,467,105,0.225321888412017,51136,3.47467537546934,2.05334793491865
"2019","MI","Injection",1579,467,30,0.0643776824034335,51136,0.0308784418022528,0.586670838548185
"2020","MI","Oral",236366,455,117,0.258278145695364,51136,4.62230131414268,2.28801627033792
"2020","MI","Injection",3672,455,42,0.0927152317880795,51136,0.0718085106382979,0.821339173967459
"2021","MI","Oral",263342,507,143,0.293032786885246,51136,5.14983573216521,2.79646433041302
"2021","MI","Injection",6909,507,57,0.117043121149897,51136,0.135110294117647,1.11467459324155
"2022","MI","Oral",273455,NA,NA,NA,51136,5.3476024718398,NA
"2022","MI","Injection",10775,NA,NA,NA,51136,0.21071260951189,NA
"2017","MN","Oral",34856,356,45,0.132743362831858,28227.5,1.23482419626251,1.59419006288194
"2017","MN","Injection",0,356,0,0,28227.5,0,0
"2018","MN","Oral",45550,378,44,0.123249299719888,28227.5,1.61367460809494,1.55876361704012
"2018","MN","Injection",40,378,1,0.00280112044817927,28227.5,0.00141705783367284,0.0354264458418209
"2019","MN","Oral",61575,403,68,0.168734491315136,28227.5,2.18138340271012,2.40899831724382
"2019","MN","Injection",175,403,12,0.0297766749379653,28227.5,0.00619962802231866,0.425117350101851
"2020","MN","Oral",78839,401,66,0.165413533834586,28227.5,2.79298556372332,2.33814542556018
"2020","MN","Injection",459,401,14,0.0350877192982456,28227.5,0.0162607386413958,0.495970241785493
"2021","MN","Oral",91207,423,75,0.184729064039409,28227.5,3.23113984589496,2.65698343813657
"2021","MN","Injection",751,423,16,0.0395061728395062,28227.5,0.0266052608272075,0.566823133469135
"2022","MN","Oral",100274,NA,NA,NA,28227.5,3.55235143034275,NA
"2022","MN","Injection",501,NA,NA,NA,28227.5,0.0177486493667523,NA
"2017","MO","Oral",27053,257,50,0.196078431372549,15558,1.73884818100013,3.2137806916056
"2017","MO","Injection",0,257,0,0,15558,0,0
"2018","MO","Oral",40167,273,76,0.281481481481481,15558,2.58175858079445,4.88494665124052
"2018","MO","Injection",38,273,3,0.0111111111111111,15558,0.00244247332562026,0.192826841496336
"2019","MO","Oral",46715,281,146,0.525179856115108,15558,3.00263530016712,9.38423961948837
"2019","MO","Injection",236,281,36,0.129496402877698,15558,0.0151690448643785,2.31392209795604
"2020","MO","Oral",50548,278,150,0.549450549450549,15558,3.2490037279856,9.64134207481682
"2020","MO","Injection",284,278,50,0.183150183150183,15558,0.0182542743283198,3.2137806916056
"2021","MO","Oral",57142,327,165,0.509259259259259,15558,3.67283712559455,10.6054762822985
"2021","MO","Injection",316,327,54,0.166666666666667,15558,0.0203110939709474,3.47088314693405
"2022","MO","Oral",76788,NA,NA,NA,15558,4.93559583494022,NA
"2022","MO","Injection",766,NA,NA,NA,15558,0.0492351201953979,NA
"2017","MS","Oral",10146,89,9,0.103448275862069,3691,2.74884855052831,2.43836358710377
"2017","MS","Injection",0,89,0,0,3691,0,0
"2018","MS","Oral",12330,98,17,0.177083333333333,3691,3.34055811433216,4.60579788675156
"2018","MS","Injection",10,98,2,0.0208333333333333,3691,0.00270929287455974,0.541858574911948
"2019","MS","Oral",14767,110,23,0.209090909090909,3691,4.00081278786237,6.2313736114874
"2019","MS","Injection",70,110,4,0.0363636363636364,3691,0.0189650501219182,1.0837171498239
"2020","MS","Oral",17461,105,27,0.259615384615385,3691,4.73069628826876,7.3150907613113
"2020","MS","Injection",70,105,5,0.0480769230769231,3691,0.0189650501219182,1.35464643727987
"2021","MS","Oral",18505,162,33,0.214285714285714,3691,5.0135464643728,8.94066648604714
"2021","MS","Injection",119,162,14,0.0909090909090909,3691,0.0322405852072609,3.79301002438364
"2022","MS","Oral",14256,NA,NA,NA,3691,3.86236792197237,NA
"2022","MS","Injection",112,NA,NA,NA,3691,0.0303440801950691,NA
"2017","MT","Oral",34072,70,9,0.128571428571429,7464.5,4.56453881706745,1.20570701319579
"2017","MT","Injection",0,70,0,0,7464.5,0,0
"2018","MT","Oral",82921,72,23,0.319444444444444,7464.5,11.1087145823565,3.08125125594481
"2018","MT","Injection",52,72,4,0.0555555555555556,7464.5,0.00696630718735347,0.535869783642575
"2019","MT","Oral",116761,88,29,0.329545454545455,7464.5,15.6421729519727,3.88505593140867
"2019","MT","Injection",504,88,11,0.125,7464.5,0.0675195927389644,1.47364190501708
"2020","MT","Oral",109428,129,35,0.271317829457364,7464.5,14.6597896711099,4.68886060687253
"2020","MT","Injection",755,129,19,0.147286821705426,7464.5,0.101145421662536,2.54538147230223
"2021","MT","Oral",101238,130,29,0.224806201550388,7464.5,13.5625962891017,3.88505593140867
"2021","MT","Injection",962,130,18,0.13953488372093,7464.5,0.128876682966039,2.41141402639159
"2022","MT","Oral",100380,NA,NA,NA,7464.5,13.4476522205104,NA
"2022","MT","Injection",1310,NA,NA,NA,7464.5,0.175497354142943,NA
"2017","NC","Oral",142770,472,95,0.205183585313175,28450,5.0182776801406,3.33919156414763
"2017","NC","Injection",0,472,0,0,28450,0,0
"2018","NC","Oral",162388,513,136,0.269306930693069,28450,5.70783831282953,4.78031634446397
"2018","NC","Injection",221,513,17,0.0336633663366337,28450,0.00776801405975395,0.597539543057997
"2019","NC","Oral",174151,552,171,0.312043795620438,28450,6.12130052724077,6.01054481546573
"2019","NC","Injection",787,552,41,0.0748175182481752,28450,0.0276625659050967,1.44112478031634
"2020","NC","Oral",170792,611,219,0.36318407960199,28450,6.00323374340949,7.69771528998243
"2020","NC","Injection",1063,611,61,0.101160862354892,28450,0.0373637961335677,2.14411247803163
"2021","NC","Oral",185117,573,248,0.438938053097345,28450,6.50674868189807,8.7170474516696
"2021","NC","Injection",1768,573,70,0.124777183600713,28450,0.0621441124780316,2.46045694200351
"2022","NC","Oral",181994,NA,NA,NA,28450,6.39697715289982,NA
"2022","NC","Injection",2581,NA,NA,NA,28450,0.0907205623901582,NA
"2017","ND","Oral",2814,71,5,0.0704225352112676,1738,1.61910241657077,2.87686996547756
"2017","ND","Injection",0,71,0,0,1738,0,0
"2018","ND","Oral",5881,78,8,0.106666666666667,1738,3.38377445339471,4.6029919447641
"2018","ND","Injection",10,78,1,0.0133333333333333,1738,0.00575373993095512,0.575373993095512
"2019","ND","Oral",8627,85,15,0.180722891566265,1738,4.96375143843498,8.63060989643268
"2019","ND","Injection",60,85,8,0.0963855421686747,1738,0.0345224395857307,4.6029919447641
"2020","ND","Oral",9183,87,17,0.197674418604651,1738,5.28365937859609,9.78135788262371
"2020","ND","Injection",70,87,11,0.127906976744186,1738,0.0402761795166858,6.32911392405063
"2021","ND","Oral",10603,79,13,0.164556962025316,1738,6.10069044879171,7.47986191024166
"2021","ND","Injection",162,79,10,0.126582278481013,1738,0.093210586881473,5.75373993095512
"2022","ND","Oral",11195,NA,NA,NA,1738,6.44131185270426,NA
"2022","ND","Injection",515,NA,NA,NA,1738,0.296317606444189,NA
"2017","NE","Oral",1911,125,13,0.104838709677419,1651,1.15748031496063,7.8740157480315
"2017","NE","Injection",0,125,0,0,1651,0,0
"2018","NE","Oral",2510,124,15,0.120967741935484,1651,1.52029073288916,9.08540278619019
"2018","NE","Injection",10,124,1,0.00806451612903226,1651,0.00605693519079346,0.605693519079346
"2019","NE","Oral",2798,131,20,0.152671755725191,1651,1.69473046638401,12.1138703815869
"2019","NE","Injection",106,131,6,0.0458015267175573,1651,0.0642035130224107,3.63416111447608
"2020","NE","Oral",3696,123,19,0.154471544715447,1651,2.23864324651726,11.5081768625076
"2020","NE","Injection",81,123,5,0.040650406504065,1651,0.049061175045427,3.02846759539673
"2021","NE","Oral",6616,156,26,0.179310344827586,1651,4.00726832222895,15.748031496063
"2021","NE","Injection",133,156,6,0.0413793103448276,1651,0.080557238037553,3.63416111447608
"2022","NE","Oral",8617,NA,NA,NA,1651,5.21926105390672,NA
"2022","NE","Injection",101,NA,NA,NA,1651,0.0611750454270139,NA
"2017","NH","Oral",29182,67,20,0.327868852459016,11384.5,2.56330976327463,1.75677456190434
"2017","NH","Injection",0,67,0,0,11384.5,0,0
"2018","NH","Oral",36155,72,25,0.352112676056338,11384.5,3.17580921428258,2.19596820238043
"2018","NH","Injection",10,72,0,0,11384.5,0.000878387280952172,0
"2019","NH","Oral",72079,80,29,0.3625,11384.5,6.33132768237516,2.5473231147613
"2019","NH","Injection",381,80,2,0.025,11384.5,0.0334665554042777,0.175677456190434
"2020","NH","Oral",90150,109,67,0.614678899082569,11384.5,7.91866133778383,5.88519478237955
"2020","NH","Injection",1095,109,15,0.137614678899083,11384.5,0.0961834072642628,1.31758092142826
"2021","NH","Oral",79855,117,68,0.591304347826087,11384.5,7.01436163204357,5.97303351047477
"2021","NH","Injection",1829,117,18,0.157894736842105,11384.5,0.160657033686152,1.58109710571391
"2022","NH","Oral",97269,NA,NA,NA,11384.5,8.54398524309368,NA
"2022","NH","Injection",2976,NA,NA,NA,11384.5,0.261408054811366,NA
"2017","NJ","Oral",104913,344,56,0.165680473372781,39531.5,2.65390890808596,1.41659183183031
"2017","NJ","Injection",0,344,0,0,39531.5,0,0
"2018","NJ","Oral",118614,369,92,0.250681198910082,39531.5,3.00049327751287,2.32725800943551
"2018","NJ","Injection",96,369,6,0.0163487738419619,39531.5,0.00242844314028054,0.151777696267533
"2019","NJ","Oral",137343,370,116,0.313513513513514,39531.5,3.47426735641198,2.93436879450565
"2019","NJ","Injection",445,370,11,0.0297297297297297,39531.5,0.0112568458065087,0.278259109823811
"2020","NJ","Oral",164167,383,121,0.316753926701571,39531.5,4.1528148438587,3.06085020806193
"2020","NJ","Injection",1067,383,24,0.06282722513089,39531.5,0.0269911336529097,0.607110785070134
"2021","NJ","Oral",189440,474,168,0.361290322580645,39531.5,4.79212779682026,4.24977549549094
"2021","NJ","Injection",2103,474,47,0.101511879049676,39531.5,0.0531980825417705,1.18892528742901
"2022","NJ","Oral",177819,NA,NA,NA,39531.5,4.49815969543276,NA
"2022","NJ","Injection",3650,NA,NA,NA,39531.5,0.0923314318960829,NA
"2017","NM","Oral",62292,136,22,0.161764705882353,31119.5,2.00170311219653,0.706952232523016
"2017","NM","Injection",0,136,0,0,31119.5,0,0
"2018","NM","Oral",69946,140,28,0.2,31119.5,2.24765822072977,0.899757386847475
"2018","NM","Injection",55,140,5,0.0357142857142857,31119.5,0.00176738058130754,0.160670961937049
"2019","NM","Oral",63991,166,46,0.27710843373494,31119.5,2.05629910506274,1.47817284982085
"2019","NM","Injection",160,166,13,0.0783132530120482,31119.5,0.00514147078198557,0.417744501036328
"2020","NM","Oral",80862,162,56,0.356687898089172,31119.5,2.59843506483073,1.79951477369495
"2020","NM","Injection",593,162,23,0.146496815286624,31119.5,0.019055576085734,0.739086424910426
"2021","NM","Oral",67195,139,47,0.338129496402878,31119.5,2.159257057472,1.51030704220826
"2021","NM","Injection",710,139,18,0.129496402877698,31119.5,0.022815276595061,0.578415462973377
"2022","NM","Oral",70070,NA,NA,NA,31119.5,2.25164286058581,NA
"2022","NM","Injection",1039,NA,NA,NA,31119.5,0.0333874258905188,NA
"2017","NV","Oral",10851,77,18,0.233766233766234,14998.5,0.723472347234723,1.2001200120012
"2017","NV","Injection",0,77,0,0,14998.5,0,0
"2018","NV","Oral",15393,81,21,0.2625,14998.5,1.02630263026303,1.4001400140014
"2018","NV","Injection",60,81,3,0.0375,14998.5,0.004000400040004,0.2000200020002
"2019","NV","Oral",18046,106,31,0.292452830188679,14998.5,1.2031869853652,2.06687335400207
"2019","NV","Injection",276,106,7,0.0660377358490566,14998.5,0.0184018401840184,0.466713338000467
"2020","NV","Oral",21636,109,42,0.385321100917431,14998.5,1.44254425442544,2.8002800280028
"2020","NV","Injection",258,109,14,0.128440366972477,14998.5,0.0172017201720172,0.933426676000933
"2021","NV","Oral",23825,106,41,0.398058252427184,14998.5,1.58849218255159,2.73360669400273
"2021","NV","Injection",285,106,21,0.203883495145631,14998.5,0.019001900190019,1.4001400140014
"2022","NV","Oral",23356,NA,NA,NA,14998.5,1.55722238890556,NA
"2022","NV","Injection",284,NA,NA,NA,14998.5,0.0189352268560189,NA
"2017","NY","Oral",370883,842,497,0.593078758949881,128768,2.88024198558648,3.85965457256461
"2017","NY","Injection",0,842,0,0,128768,0,0
"2018","NY","Oral",452519,898,567,0.633519553072626,128768,3.51421937127237,4.40326789264414
"2018","NY","Injection",244,898,59,0.0659217877094972,128768,0.00189488071570577,0.458188369781312
"2019","NY","Oral",514253,925,645,0.708791208791209,128768,3.99363972415507,5.00900844930417
"2019","NY","Injection",1636,925,150,0.164835164835165,128768,0.0127050198807157,1.16488568588469
"2020","NY","Oral",542603,894,646,0.723404255319149,128768,4.21380311878728,5.01677435387674
"2020","NY","Injection",3500,894,207,0.231802911534155,128768,0.0271806660039761,1.60754224652087
"2021","NY","Oral",526317,1057,719,0.682811016144349,128768,4.08732759691849,5.58368538767396
"2021","NY","Injection",6835,1057,259,0.246431969552807,128768,0.0530799577534791,2.01136928429423
"2022","NY","Oral",492945,NA,NA,NA,128768,3.82816382952286,NA
"2022","NY","Injection",17446,NA,NA,NA,128768,0.135483971172962,NA
"2017","OH","Oral",791846,409,135,0.334987593052109,119181.5,6.64403451878018,1.13272613618724
"2017","OH","Injection",0,409,0,0,119181.5,0,0
"2018","OH","Oral",805376,464,165,0.361050328227571,119181.5,6.75755884931806,1.38444305533996
"2018","OH","Injection",555,464,24,0.0525164113785558,119181.5,0.00465676300432534,0.201373535322177
"2019","OH","Oral",1047203,554,237,0.427797833935018,119181.5,8.78662376291622,1.98856366130649
"2019","OH","Injection",2792,554,91,0.164259927797834,119181.5,0.0234264546091466,0.76354132142992
"2020","OH","Oral",1228043,619,296,0.480519480519481,119181.5,10.3039733515688,2.48360693564018
"2020","OH","Injection",3953,619,130,0.211038961038961,119181.5,0.0331678993803569,1.09077331632846
"2021","OH","Oral",1193503,826,362,0.442002442002442,119181.5,10.0141632719843,3.03738415777617
"2021","OH","Injection",6795,826,167,0.204406364749082,119181.5,0.0570138821880913,1.40122418328348
"2022","OH","Oral",1119105,NA,NA,NA,119181.5,9.38992209361352,NA
"2022","OH","Injection",14792,NA,NA,NA,119181.5,0.124113222270235,NA
"2017","OK","Oral",12783,191,22,0.115789473684211,10179,1.25582080754495,2.16131250614009
"2017","OK","Injection",0,191,0,0,10179,0,0
"2018","OK","Oral",15330,200,31,0.155778894472362,10179,1.50604185086944,3.04548580410649
"2018","OK","Injection",20,200,3,0.0150753768844221,10179,0.00196482955103645,0.294724432655467
"2019","OK","Oral",18371,208,44,0.21256038647343,10179,1.80479418410453,4.32262501228018
"2019","OK","Injection",80,208,6,0.0289855072463768,10179,0.00785931820414579,0.589448865310934
"2020","OK","Oral",23109,195,52,0.266666666666667,10179,2.27026230474506,5.10855683269476
"2020","OK","Injection",92,195,14,0.0717948717948718,10179,0.00903821593476766,1.37538068572551
"2021","OK","Oral",35610,207,83,0.406862745098039,10179,3.4983790156204,8.15404263680126
"2021","OK","Injection",131,207,13,0.0637254901960784,10179,0.0128696335592887,1.27713920817369
"2022","OK","Oral",60487,NA,NA,NA,10179,5.94233225267708,NA
"2022","OK","Injection",686,NA,NA,NA,10179,0.0673936536005501,NA
"2017","OR","Oral",231225,226,38,0.169642857142857,32541.5,7.10554215386506,1.1677396555168
"2017","OR","Injection",0,226,0,0,32541.5,0,0
"2018","OR","Oral",195604,229,51,0.226666666666667,32541.5,6.0109091467818,1.56722953766729
"2018","OR","Injection",53,229,8,0.0355555555555556,32541.5,0.00162868951953659,0.245839927477221
"2019","OR","Oral",165083,234,68,0.293103448275862,32541.5,5.07299909346527,2.08963938355638
"2019","OR","Injection",712,234,15,0.0646551724137931,32541.5,0.0218797535454727,0.46094986401979
"2020","OR","Oral",200629,247,75,0.306122448979592,32541.5,6.16532735122843,2.30474932009895
"2020","OR","Injection",2517,247,25,0.102040816326531,32541.5,0.0773473871825208,0.768249773366317
"2021","OR","Oral",227232,240,74,0.312236286919831,32541.5,6.982837300063,2.2740193291643
"2021","OR","Injection",3267,240,27,0.113924050632911,32541.5,0.10039488038351,0.829709755235622
"2022","OR","Oral",126841,NA,NA,NA,32541.5,3.89782278014228,NA
"2022","OR","Injection",1925,NA,NA,NA,32541.5,0.0591552325492064,NA
"2017","PA","Oral",474462,502,149,0.303462321792261,122643,3.86864313495267,1.21490831111437
"2017","PA","Injection",0,502,0,0,122643,0,0
"2018","PA","Oral",558081,578,187,0.329225352112676,122643,4.55045130989946,1.52475069918381
"2018","PA","Injection",428,578,17,0.0299295774647887,122643,0.0034898037393084,0.138613699925801
"2019","PA","Oral",621118,600,227,0.379598662207358,122643,5.06443906297139,1.85090058136216
"2019","PA","Injection",2746,600,59,0.0986622073578595,122643,0.0223901894115441,0.481071076213074
"2020","PA","Oral",675956,604,244,0.403973509933775,122643,5.5115742439438,1.98951428128797
"2020","PA","Injection",10130,604,86,0.142384105960265,122643,0.0825974576616684,0.701222246683463
"2021","PA","Oral",693898,608,260,0.43261231281198,122643,5.65786877359491,2.11997423415931
"2021","PA","Injection",24853,608,113,0.1892797319933,122643,0.202645075544466,0.921373417153853
"2022","PA","Oral",590791,NA,NA,NA,122643,4.81716037605081,NA
"2022","PA","Injection",35885,NA,NA,NA,122643,0.292597213049257,NA
"2017","RI","Oral",40139,48,27,0.5625,13207,3.03922162489589,2.04437040963126
"2017","RI","Injection",0,48,0,0,13207,0,0
"2018","RI","Oral",47213,56,31,0.563636363636364,13207,3.57484667221928,2.347240099947
"2018","RI","Injection",20,56,4,0.0727272727272727,13207,0.00151434845157871,0.302869690315742
"2019","RI","Oral",46021,59,30,0.517241379310345,13207,3.48459150450519,2.27152267736806
"2019","RI","Injection",100,59,11,0.189655172413793,13207,0.00757174225789354,0.83289164836829
"2020","RI","Oral",43093,63,27,0.428571428571429,13207,3.26289089119406,2.04437040963126
"2020","RI","Injection",184,63,13,0.206349206349206,13207,0.0139320057545241,0.98432649352616
"2021","RI","Oral",43197,61,27,0.457627118644068,13207,3.27076550314227,2.04437040963126
"2021","RI","Injection",233,61,15,0.254237288135593,13207,0.017642159460892,1.13576133868403
"2022","RI","Oral",44921,NA,NA,NA,13207,3.40130233966836,NA
"2022","RI","Injection",356,NA,NA,NA,13207,0.026955402438101,NA
"2017","SC","Oral",23785,108,13,0.12037037037037,10337.5,2.30084643288996,1.25755743651753
"2017","SC","Injection",0,108,0,0,10337.5,0,0
"2018","SC","Oral",33080,114,19,0.166666666666667,10337.5,3.2,1.83796856106409
"2018","SC","Injection",40,114,2,0.0175438596491228,10337.5,0.00386940749697703,0.193470374848851
"2019","SC","Oral",39877,121,29,0.239669421487603,10337.5,3.85750906892382,2.80532043530834
"2019","SC","Injection",86,121,1,0.00826446280991736,10337.5,0.0083192261185006,0.0967351874244256
"2020","SC","Oral",45284,124,42,0.338709677419355,10337.5,4.38055622732769,4.06287787182588
"2020","SC","Injection",94,124,5,0.0403225806451613,10337.5,0.00909310761789601,0.483675937122128
"2021","SC","Oral",48666,123,49,0.411764705882353,10337.5,4.7077146311971,4.74002418379686
"2021","SC","Injection",223,123,10,0.0840336134453782,10337.5,0.0215719467956469,0.967351874244256
"2022","SC","Oral",49407,NA,NA,NA,10337.5,4.7793954050786,NA
"2022","SC","Injection",503,NA,NA,NA,10337.5,0.0486577992744861,NA
"2017","SD","Oral",898,58,4,0.0701754385964912,674,1.33234421364985,5.93471810089021
"2017","SD","Injection",0,58,0,0,674,0,0
"2018","SD","Oral",1016,59,2,0.0338983050847458,674,1.50741839762611,2.9673590504451
"2018","SD","Injection",0,59,0,0,674,0,0
"2019","SD","Oral",1840,59,3,0.0508474576271186,674,2.7299703264095,4.45103857566766
"2019","SD","Injection",0,59,0,0,674,0,0
"2020","SD","Oral",2631,58,5,0.0862068965517241,674,3.90356083086053,7.41839762611276
"2020","SD","Injection",0,58,1,0.0172413793103448,674,0,1.48367952522255
"2021","SD","Oral",4368,72,16,0.225352112676056,674,6.48071216617211,23.7388724035608
"2021","SD","Injection",0,72,7,0.0985915492957746,674,0,10.3857566765579
"2022","SD","Oral",5192,NA,NA,NA,674,7.70326409495549,NA
"2022","SD","Injection",70,NA,NA,NA,674,0.103857566765579,NA
"2017","TN","Oral",29026,217,21,0.100478468899522,NA,NA,NA
"2017","TN","Injection",0,217,0,0,NA,NA,NA
"2018","TN","Oral",32628,221,29,0.132420091324201,NA,NA,NA
"2018","TN","Injection",85,221,5,0.0228310502283105,NA,NA,NA
"2019","TN","Oral",66206,313,46,0.147909967845659,NA,NA,NA
"2019","TN","Injection",386,313,10,0.0321543408360129,NA,NA,NA
"2020","TN","Oral",134992,311,76,0.245161290322581,NA,NA,NA
"2020","TN","Injection",917,311,22,0.0709677419354839,NA,NA,NA
"2021","TN","Oral",184240,390,102,0.265625,NA,NA,NA
"2021","TN","Injection",1669,390,38,0.0992167101827676,NA,NA,NA
"2022","TN","Oral",218092,NA,NA,NA,NA,NA,NA
"2022","TN","Injection",2802,NA,NA,NA,NA,NA,NA
"2017","TX","Oral",16971,431,51,0.121718377088305,15776,1.07574797160243,3.23275862068966
"2017","TX","Injection",0,431,0,0,15776,0,0
"2018","TX","Oral",19430,502,87,0.177914110429448,15776,1.23161764705882,5.51470588235294
"2018","TX","Injection",0,502,6,0.0122699386503067,15776,0,0.380324543610548
"2019","TX","Oral",19572,512,98,0.196,15776,1.24061866125761,6.21196754563895
"2019","TX","Injection",0,512,10,0.02,15776,0,0.633874239350913
"2020","TX","Oral",20800,509,109,0.220647773279352,15776,1.3184584178499,6.90922920892495
"2020","TX","Injection",10,509,14,0.0283400809716599,15776,0.000633874239350913,0.887423935091278
"2021","TX","Oral",25044,586,152,0.264808362369338,15776,1.58747464503043,9.63488843813387
"2021","TX","Injection",0,586,28,0.0488656195462478,15776,0,1.77484787018256
"2022","TX","Oral",28439,NA,NA,NA,15776,1.80267494929006,NA
"2017","US","Oral",5263820,13454,2595,0.196234119782214,1592295,3.30580702696422,1.62972313547427
"2017","US","Injection",0,13454,0,0,1592295,0,0
"2018","US","Oral",6378307,14667,3440,0.238441810494212,1592295,4.00573197805683,2.16040369403911
"2018","US","Injection",4331,14667,360,0.0249532127261385,1592295,0.00271997337176842,0.226088758678511
"2019","US","Oral",7766589,15826,4642,0.295142421159715,1592295,4.87760685048939,2.91528893829347
"2019","US","Injection",27036,15826,1129,0.0717828077314344,1592295,0.0169792657767562,0.709039468188998
"2020","US","Oral",8954775,15927,5279,0.333691529709229,1592295,5.62381656665379,3.3153404362885
"2020","US","Injection",61135,15927,1720,0.108723135271808,1592295,0.0383942673939188,1.08020184701955
"2021","US","Oral",9375229,17333,6167,0.361467674813903,1592295,5.88787190815772,3.87302604102883
"2021","US","Injection",112566,17333,2257,0.132530827950675,1592295,0.0706941866927925,1.41745091204833
"2022","US","Oral",9066977,NA,NA,NA,1592295,5.69428215249059,NA
"2022","US","Injection",186915,NA,NA,NA,1592295,0.117387167578872,NA
"2017","UT","Oral",7634,239,39,0.170305676855895,11875.5,0.642836091111953,3.28407224958949
"2017","UT","Injection",0,239,0,0,11875.5,0,0
"2018","UT","Oral",11408,269,55,0.214007782101167,11875.5,0.960633236495305,4.63138394172877
"2018","UT","Injection",50,269,14,0.0544747081712062,11875.5,0.00421034903793524,1.17889773062187
"2019","UT","Oral",19958,310,94,0.30718954248366,11875.5,1.68060292198223,7.91545619131826
"2019","UT","Injection",809,310,31,0.101307189542484,11875.5,0.0681234474337923,2.61041640351985
"2020","UT","Oral",34709,333,113,0.339339339339339,11875.5,2.92274009515389,9.51538882573365
"2020","UT","Injection",1634,333,48,0.144144144144144,11875.5,0.137594206559724,4.04193507641783
"2021","UT","Oral",45880,372,143,0.388586956521739,11875.5,3.86341627720938,12.0415982484948
"2021","UT","Injection",3002,372,79,0.215258855585831,11875.5,0.252789356237632,6.65235147993769
"2022","UT","Oral",52838,NA,NA,NA,11875.5,4.44932844932845,NA
"2022","UT","Injection",4412,NA,NA,NA,11875.5,0.371521199107406,NA
"2017","VA","Oral",81245,223,54,0.248847926267281,40726.5,1.9948927602421,1.32591801406946
"2017","VA","Injection",0,223,0,0,40726.5,0,0
"2018","VA","Oral",133722,231,77,0.34070796460177,40726.5,3.28341497550735,1.89066087191386
"2018","VA","Injection",60,231,8,0.0353982300884956,40726.5,0.00147324223785496,0.196432298380661
"2019","VA","Oral",287325,254,99,0.396,40726.5,7.05498876652794,2.43084969246068
"2019","VA","Injection",378,254,18,0.072,40726.5,0.00928142609848624,0.441972671356488
"2020","VA","Oral",425614,249,115,0.461847389558233,40726.5,10.4505420303733,2.82371428922201
"2020","VA","Injection",1103,249,34,0.136546184738956,40726.5,0.0270831031392337,0.83483726811781
"2021","VA","Oral",460729,323,142,0.452229299363057,40726.5,11.312757050078,3.48667329625674
"2021","VA","Injection",2335,323,56,0.178343949044586,40726.5,0.0573336770898555,1.37502608866463
"2022","VA","Oral",454920,NA,NA,NA,40726.5,11.1701226474163,NA
"2022","VA","Injection",4578,NA,NA,NA,40726.5,0.112408382748333,NA
"2017","VT","Oral",152700,42,25,0.595238095238095,10454,14.6068490529941,2.39142911804094
"2017","VT","Injection",0,42,0,0,10454,0,0
"2018","VT","Oral",169104,46,24,0.521739130434783,10454,16.1760091830878,2.2957719533193
"2018","VT","Injection",34,46,0,0,10454,0.00325234360053568,0
"2019","VT","Oral",203161,48,27,0.5625,10454,19.4338052420126,2.58274344748422
"2019","VT","Injection",250,48,2,0.0416666666666667,10454,0.0239142911804094,0.191314329443275
"2020","VT","Oral",211381,52,32,0.615384615384615,10454,20.2201071360245,3.0610292710924
"2020","VT","Injection",354,52,10,0.192307692307692,10454,0.0338626363114597,0.956571647216377
"2021","VT","Oral",210068,69,36,0.521739130434783,10454,20.094509278745,3.44365792997896
"2021","VT","Injection",550,69,13,0.188405797101449,10454,0.0526114405969007,1.24354314138129
"2022","VT","Oral",152882,NA,NA,NA,10454,14.6242586569734,NA
"2022","VT","Injection",775,NA,NA,NA,10454,0.0741343026592692,NA
"2017","WA","Oral",140516,396,62,0.158974358974359,62637,2.24333860178489,0.989830291999936
"2017","WA","Injection",0,396,0,0,62637,0,0
"2018","WA","Oral",219814,445,86,0.197701149425287,62637,3.50933154525281,1.37299040503217
"2018","WA","Injection",35,445,13,0.0298850574712644,62637,0.000558775164838674,0.207545061225793
"2019","WA","Oral",294504,452,119,0.263274336283186,62637,4.70175774701854,1.89983556045149
"2019","WA","Injection",165,452,35,0.0774336283185841,62637,0.0026342257770966,0.558775164838674
"2020","WA","Oral",312566,457,145,0.317982456140351,62637,4.99011766208471,2.31492568290308
"2020","WA","Injection",543,457,64,0.140350877192982,62637,0.00866899755735428,1.02176030141929
"2021","WA","Oral",302652,449,179,0.401345291479821,62637,4.83184060539298,2.85773584303207
"2021","WA","Injection",1610,449,70,0.15695067264574,62637,0.025703657582579,1.11755032967735
"2022","WA","Oral",291642,NA,NA,NA,62637,4.65606590353944,NA
"2022","WA","Injection",3005,NA,NA,NA,62637,0.0479748391525776,NA
"2017","WI","Oral",68910,273,52,0.192592592592593,27790.5,2.47962433205592,1.87114301649844
"2017","WI","Injection",0,273,0,0,27790.5,0,0
"2018","WI","Oral",88526,268,57,0.214285714285714,27790.5,3.18547705151041,2.05106061423868
"2018","WI","Injection",555,268,4,0.0150375939849624,27790.5,0.0199708533491661,0.143934078192188
"2019","WI","Oral",113077,276,72,0.262773722627737,27790.5,4.06890843993451,2.59081340745938
"2019","WI","Injection",1071,276,20,0.072992700729927,27790.5,0.0385383494359583,0.71967039096094
"2020","WI","Oral",141935,295,88,0.300341296928328,27790.5,5.10732084705205,3.16654972022814
"2020","WI","Injection",1507,295,35,0.119453924914676,27790.5,0.0542271639589068,1.25942318418164
"2021","WI","Oral",155591,332,97,0.297546012269939,27790.5,5.59871179000018,3.49040139616056
"2021","WI","Injection",2591,332,41,0.126153846153846,27790.5,0.0932332991489898,1.47532430146993
"2022","WI","Oral",154789,NA,NA,NA,27790.5,5.56985300732265,NA
"2022","WI","Injection",4100,NA,NA,NA,27790.5,0.147532430146993,NA
"2017","WV","Oral",230323,102,32,0.313725490196078,29651,7.76779872516947,1.07922161141277
"2017","WV","Injection",0,102,0,0,29651,0,0
"2018","WV","Oral",324412,108,35,0.327102803738318,29651,10.9410137938012,1.18039863748272
"2018","WV","Injection",30,108,0,0,29651,0.00101177026069947,0
"2019","WV","Oral",366487,116,45,0.387931034482759,29651,12.3600215844322,1.51765539104921
"2019","WV","Injection",50,116,8,0.0689655172413793,29651,0.00168628376783245,0.269805402853192
"2020","WV","Oral",402309,126,62,0.492063492063492,29651,13.5681427270581,2.09099187211224
"2020","WV","Injection",70,126,18,0.142857142857143,29651,0.00236079727496543,0.607062156419682
"2021","WV","Oral",437069,159,85,0.54140127388535,29651,14.7404472024552,2.86668240531517
"2021","WV","Injection",183,159,31,0.198717948717949,29651,0.00617179859026677,1.04549593605612
"2022","WV","Oral",420542,NA,NA,NA,29651,14.1830629658359,NA
"2022","WV","Injection",3112,NA,NA,NA,29651,0.104954301709892,NA
"2017","WY","Oral",1317,47,12,0.25531914893617,609,2.16256157635468,19.7044334975369
"2017","WY","Injection",0,47,0,0,609,0,0
"2018","WY","Oral",1095,53,19,0.358490566037736,609,1.79802955665025,31.1986863711002
"2018","WY","Injection",0,53,7,0.132075471698113,609,0,11.4942528735632
"2019","WY","Oral",1327,57,24,0.421052631578947,609,2.17898193760263,39.4088669950739
"2019","WY","Injection",0,57,11,0.192982456140351,609,0,18.0623973727422
"2020","WY","Oral",1501,60,21,0.35,609,2.46469622331691,34.4827586206897
"2020","WY","Injection",0,60,10,0.166666666666667,609,0,16.4203612479475
"2021","WY","Oral",1857,60,19,0.322033898305085,609,3.04926108374384,31.1986863711002
"2021","WY","Injection",0,60,8,0.135593220338983,609,0,13.136288998358
"2022","WY","Oral",2740,NA,NA,NA,609,4.4991789819376,NA
"2022","WY","Injection",40,NA,NA,NA,609,0.0656814449917898,NA
